id,name,category,description,eligibility,address,lat,lng,hours,phone,website,walk_in,last_verified
1000,Medical Mobile Unit #4 (Specialty),health,"Federally supported community health center offering primary care services. Serves patients regardless of insurance status or ability to pay, with services often available on a sliding fee scale. Designated as a Federally Qualified Health Center (FQHC).",Uninsured and underinsured accepted; sliding fee scale based on income,"3550 Swingle Rd, Houston, TX, 77047-3763",29.61976408,-95.36694253,Call to confirm hours,346-426-0500,,,2026-07-05
1001,HACS: Spring-Cypress,health,"Federally supported community health center offering primary care services. Serves patients regardless of insurance status or ability to pay, with services often available on a sliding fee scale. Designated as a Federally Qualified Health Center (FQHC).",Uninsured and underinsured accepted; sliding fee scale based on income,"17010 Sugar Pine Dr, Houston, TX, 77090-2299",30.01075229,-95.45960975,Call to confirm hours,713-426-0027,www.hacstxs.org,,2026-07-05
1002,Legacy Bissonnet Street,health,"Federally supported community health center offering primary care services. Serves patients regardless of insurance status or ability to pay, with services often available on a sliding fee scale. Designated as a Federally Qualified Health Center (FQHC).",Uninsured and underinsured accepted; sliding fee scale based on income,"12667 Bissonnet St, Houston, TX, 77099-1331",29.67680042,-95.60185484,Call to confirm hours,832-548-5000,www.legacycommunityhealth.org,,2026-07-05
1003,Legacy Gulfton Dashwood 200,health,"Federally supported community health center offering primary care services. Serves patients regardless of insurance status or ability to pay, with services often available on a sliding fee scale. Designated as a Federally Qualified Health Center (FQHC).",Uninsured and underinsured accepted; sliding fee scale based on income,"5420 Dashwood Dr, Ste 200, Houston, TX, 77081-5332",29.70747236,-95.47504151,Call to confirm hours,832-548-5000,,,2026-07-05
1004,HOPE Aldine Meadows School Based Clinic,health,"Federally supported community health center offering primary care services. Serves patients regardless of insurance status or ability to pay, with services often available on a sliding fee scale. This location operates as a school-based site. Designated as a Federally Qualified Health Center (FQHC).",Uninsured and underinsured accepted; sliding fee scale based on income,"2112 Aldine Meadows Rd, Houston, TX, 77032-3125",29.93463798,-95.35293897,Call to confirm hours,713-773-0803,,,2026-07-05
1005,Legacy Fifth Ward Lyons,health,"Federally supported community health center offering primary care services. Serves patients regardless of insurance status or ability to pay, with services often available on a sliding fee scale. Designated as a Federally Qualified Health Center (FQHC).",Uninsured and underinsured accepted; sliding fee scale based on income,"3811 Lyons Ave, Houston, TX, 77020-8306",29.77629344,-95.33153528,Call to confirm hours,832-548-5000,www.legacycommunityhealth.org,,2026-07-05
1006,Legacy Southwest Clinic,health,"Federally supported community health center offering primary care services. Serves patients regardless of insurance status or ability to pay, with services often available on a sliding fee scale. Designated as a Federally Qualified Health Center (FQHC).",Uninsured and underinsured accepted; sliding fee scale based on income,"6441 High Star Dr, Houston, TX, 77074-5005",29.71041424,-95.49455743,Call to confirm hours,713-830-3000,,,2026-07-05
1007,Galena Park - ACT,health,"Federally supported community health center offering primary care services. Serves patients regardless of insurance status or ability to pay, with services often available on a sliding fee scale. This location operates as a school-based site. Designated as a Federally Qualified Health Center (FQHC).",Uninsured and underinsured accepted; sliding fee scale based on income,"13940 Bonham St, Houston, TX, 77015-5108",29.7761152,-95.17683677,Call to confirm hours,832-548-5000,legacycommunityhealth.org,,2026-07-05
1008,Legacy Wellness Bar,health,"Federally supported community health center offering primary care services. Serves patients regardless of insurance status or ability to pay, with services often available on a sliding fee scale. Designated as a Federally Qualified Health Center (FQHC).",Uninsured and underinsured accepted; sliding fee scale based on income,"120 Westheimer Rd STE F, Houston, TX, 77006-3332",29.74498225,-95.38258752,Call to confirm hours,832-548-5000,,,2026-07-05
1009,YES Prep Fifth Ward,health,"Federally supported community health center offering primary care services. Serves patients regardless of insurance status or ability to pay, with services often available on a sliding fee scale. This location operates as a school-based site. Designated as a Federally Qualified Health Center (FQHC).",Uninsured and underinsured accepted; sliding fee scale based on income,"1305 Benson St, Houston, TX, 77020-4044",29.77407395,-95.33007951,Call to confirm hours,832-548-5000,,,2026-07-05
1010,Bee Busy Wellness Center - Bay Area,health,"Federally supported community health center offering primary care services. Serves patients regardless of insurance status or ability to pay, with services often available on a sliding fee scale. Designated as a Federally Qualified Health Center (FQHC).",Uninsured and underinsured accepted; sliding fee scale based on income,"1300 Bay Area Blvd # 200, Houston, TX, 77058-2505",29.56010111,-95.11590378,Call to confirm hours,713-771-2292,mybbwc.org,,2026-07-05
1011,Medical Mobile Unit #3,health,"Federally supported community health center offering primary care services. Serves patients regardless of insurance status or ability to pay, with services often available on a sliding fee scale. Designated as a Federally Qualified Health Center (FQHC).",Uninsured and underinsured accepted; sliding fee scale based on income,"3550 Swingle Rd, Houston, TX, 77047-3763",29.61976408,-95.36694253,Call to confirm hours,346-426-0500,,,2026-07-05
1012,YES Prep Northline Secondary,health,"Federally supported community health center offering primary care services. Serves patients regardless of insurance status or ability to pay, with services often available on a sliding fee scale. This location operates as a school-based site. Designated as a Federally Qualified Health Center (FQHC).",Uninsured and underinsured accepted; sliding fee scale based on income,"441 Little York Rd, Houston, TX, 77076-1124",29.87153713,-95.37572182,Call to confirm hours,832-548-5000,,,2026-07-05
1013,Legacy Mapleridge Clinic,health,"Federally supported community health center offering primary care services. Serves patients regardless of insurance status or ability to pay, with services often available on a sliding fee scale. Designated as a Federally Qualified Health Center (FQHC).",Uninsured and underinsured accepted; sliding fee scale based on income,"6550 Mapleridge St STE 106, Houston, TX, 77081-4629",29.70982662,-95.47424514,Call to confirm hours,713-779-7200,www.legacycommunityhealth.org,,2026-07-05
1014,YES Prep Southside,health,"Federally supported community health center offering primary care services. Serves patients regardless of insurance status or ability to pay, with services often available on a sliding fee scale. This location operates as a school-based site. Designated as a Federally Qualified Health Center (FQHC).",Uninsured and underinsured accepted; sliding fee scale based on income,"5515 S Loop Fwy E, Houston, TX, 77033",29.68752087,-95.33612403,Call to confirm hours,713-967-9800,www.legacycommunityhealth.org,,2026-07-05
1015,Dental Mobile Unit,health,"Federally supported community health center offering primary care services. Serves patients regardless of insurance status or ability to pay, with services often available on a sliding fee scale. Designated as a Federally Qualified Health Center (FQHC).",Uninsured and underinsured accepted; sliding fee scale based on income,"5656 Kelley St, Houston, TX, 77026-1975",29.81192998,-95.31187996,Call to confirm hours,346-426-0500,,,2026-07-05
1016,YES Prep Southside Elementary,health,"Federally supported community health center offering primary care services. Serves patients regardless of insurance status or ability to pay, with services often available on a sliding fee scale. This location operates as a school-based site. Designated as a Federally Qualified Health Center (FQHC).",Uninsured and underinsured accepted; sliding fee scale based on income,"5515 South Loop E, Houston, TX, 77033",29.68747899,-95.336343,Call to confirm hours,832-548-5000,,,2026-07-05
1017,HACS: Bautista,health,"Federally supported community health center offering primary care services. Serves patients regardless of insurance status or ability to pay, with services often available on a sliding fee scale. Designated as a Federally Qualified Health Center (FQHC).",Uninsured and underinsured accepted; sliding fee scale based on income,"902 Frostwood Dr, Suite 142, Houston, TX, 77024-2401",29.78020385,-95.54688028,Call to confirm hours,713-827-8266,www.hacstxs.org,,2026-07-05
1018,Airline Women and Children's Health Center,health,"Federally supported community health center offering primary care services. Serves patients regardless of insurance status or ability to pay, with services often available on a sliding fee scale. Designated as a Federally Qualified Health Center (FQHC).",Uninsured and underinsured accepted; sliding fee scale based on income,"5808 Airline Dr, Houston, TX, 77076-4923",29.85036197,-95.38398436,Call to confirm hours,713-695-4013,www.denverharborclinic.org,,2026-07-05
1019,KIPP - Climb,health,"Federally supported community health center offering primary care services. Serves patients regardless of insurance status or ability to pay, with services often available on a sliding fee scale. This location operates as a school-based site. Designated as a Federally Qualified Health Center (FQHC).",Uninsured and underinsured accepted; sliding fee scale based on income,"8805 Ferndale St, Houston, TX, 77017",29.6671189,-95.25986296,Call to confirm hours,832-548-5000,https://legacycommunityhealth.org,,2026-07-05
1020,KIPP Nexus,health,"Federally supported community health center offering primary care services. Serves patients regardless of insurance status or ability to pay, with services often available on a sliding fee scale. This location operates as a school-based site. Designated as a Federally Qualified Health Center (FQHC).",Uninsured and underinsured accepted; sliding fee scale based on income,"4211 Watonga Blvd, Houston, TX, 77092-5398",29.8293876,-95.45974856,Call to confirm hours,832-548-5000,,,2026-07-05
1021,Medical Mobile Unit #2,health,"Federally supported community health center offering primary care services. Serves patients regardless of insurance status or ability to pay, with services often available on a sliding fee scale. Designated as a Federally Qualified Health Center (FQHC).",Uninsured and underinsured accepted; sliding fee scale based on income,"3550 Swingle Rd, Houston, TX, 77047-3763",29.61976408,-95.36694253,Call to confirm hours,346-426-0500,,,2026-07-05
1022,MyCHN at Westwood,health,"Federally supported community health center offering primary care services. Serves patients regardless of insurance status or ability to pay, with services often available on a sliding fee scale. Designated as a Federally Qualified Health Center (FQHC).",Uninsured and underinsured accepted; sliding fee scale based on income,"9700 Bissonnet St, Suite 1000 W, Houston, TX, 77036-8001",29.6773812,-95.54564538,Call to confirm hours,281-824-1480,www.mychn.org,,2026-07-05
1023,YES Prep Secondary,health,"Federally supported community health center offering primary care services. Serves patients regardless of insurance status or ability to pay, with services often available on a sliding fee scale. This location operates as a school-based site. Designated as a Federally Qualified Health Center (FQHC).",Uninsured and underinsured accepted; sliding fee scale based on income,"8787 Tallyho Rd, Houston, TX, 77061-3420",29.65691682,-95.25955577,Call to confirm hours,832-548-5000,legacycommunityhealth.org,,2026-07-05
1024,Yes Prep Hobby Secondary,health,"Federally supported community health center offering primary care services. Serves patients regardless of insurance status or ability to pay, with services often available on a sliding fee scale. This location operates as a school-based site. Designated as a Federally Qualified Health Center (FQHC).",Uninsured and underinsured accepted; sliding fee scale based on income,"7660 Hansen Rd, Houston, TX, 77061-3410",29.65815651,-95.259352,Call to confirm hours,832-548-5000,,,2026-07-05
1025,KIPP North Campus,health,"Federally supported community health center offering primary care services. Serves patients regardless of insurance status or ability to pay, with services often available on a sliding fee scale. This location operates as a school-based site. Designated as a Federally Qualified Health Center (FQHC).",Uninsured and underinsured accepted; sliding fee scale based on income,"500 Tidwell Rd, Houston, TX, 77022-2122",29.84410999,-95.36882997,Call to confirm hours,832-328-1051,www.legacycommunityhealth.org,,2026-07-05
1026,YES Prep - Southwest,health,"Federally supported community health center offering primary care services. Serves patients regardless of insurance status or ability to pay, with services often available on a sliding fee scale. This location operates as a school-based site. Designated as a Federally Qualified Health Center (FQHC).",Uninsured and underinsured accepted; sliding fee scale based on income,"4411 Anderson Rd, Houston, TX, 77053-2307",29.60111598,-95.44363602,Call to confirm hours,832-548-5000,https://legacycommunityhealth.org,,2026-07-05
1027,KIPP Legacy Preparatory School,health,"Federally supported community health center offering primary care services. Serves patients regardless of insurance status or ability to pay, with services often available on a sliding fee scale. This location operates as a school-based site. Designated as a Federally Qualified Health Center (FQHC).",Uninsured and underinsured accepted; sliding fee scale based on income,"9606 Mesa Dr, Houston, TX, 77078-3024",29.850813,-95.26075337,Call to confirm hours,832-328-1051,,,2026-07-05
1028,KIPP Sunnyside Campus,health,"Federally supported community health center offering primary care services. Serves patients regardless of insurance status or ability to pay, with services often available on a sliding fee scale. This location operates as a school-based site. Designated as a Federally Qualified Health Center (FQHC).",Uninsured and underinsured accepted; sliding fee scale based on income,"11000 Scott St, Houston, TX, 77047-1500",29.63765001,-95.36914001,Call to confirm hours,832-328-1051,www.legacycommunityhealth.org,,2026-07-05
1029,MyCHN East Houston,health,"Federally supported community health center offering primary care services. Serves patients regardless of insurance status or ability to pay, with services often available on a sliding fee scale. Designated as a Federally Qualified Health Center (FQHC).",Uninsured and underinsured accepted; sliding fee scale based on income,"12871 East Fwy, Houston, TX, 77015-5707",29.77226568,-95.20345066,Call to confirm hours,281-824-1480,www.mychn.org,,2026-07-05
1030,Legacy Gulfton Dashwood Ste 102,health,"Federally supported community health center offering primary care services. Serves patients regardless of insurance status or ability to pay, with services often available on a sliding fee scale. Designated as a Federally Qualified Health Center (FQHC).",Uninsured and underinsured accepted; sliding fee scale based on income,"5420 Dashwood Dr, Suite 102, Houston, TX, 77081-5333",29.70797527,-95.47503757,Call to confirm hours,832-548-5000,legacycommunityhealth.org,,2026-07-05
1031,Legacy Baker Ripley,health,"Federally supported community health center offering primary care services. Serves patients regardless of insurance status or ability to pay, with services often available on a sliding fee scale. Designated as a Federally Qualified Health Center (FQHC).",Uninsured and underinsured accepted; sliding fee scale based on income,"6500 Rookin St, Houston, TX, 77074-5019",29.7105328,-95.4982976,Call to confirm hours,832-548-5000,www.legacycommunityhealth.org,,2026-07-05
1032,AVENUE 360 Southwest,health,"Federally supported community health center offering primary care services. Serves patients regardless of insurance status or ability to pay, with services often available on a sliding fee scale. Designated as a Federally Qualified Health Center (FQHC).",Uninsured and underinsured accepted; sliding fee scale based on income,"14095 Main St, Houston, TX, 77035-5447",29.63467309,-95.49603748,Call to confirm hours,713-426-0027,,,2026-07-05
1033,Asian American Health Coalition of the Greater Houston Area,health,"Federally supported community health center offering primary care services. Serves patients regardless of insurance status or ability to pay, with services often available on a sliding fee scale. Designated as a Federally Qualified Health Center (FQHC).",Uninsured and underinsured accepted; sliding fee scale based on income,"7001 Corporate Dr, Suite 120, Houston, TX, 77036-5113",29.70334959,-95.55085859,Call to confirm hours,713-773-0803,www.hopechc.org,,2026-07-05
1034,Yes Prep - Northside,health,"Federally supported community health center offering primary care services. Serves patients regardless of insurance status or ability to pay, with services often available on a sliding fee scale. This location operates as a school-based site. Designated as a Federally Qualified Health Center (FQHC).",Uninsured and underinsured accepted; sliding fee scale based on income,"5215 Jensen Dr, Houston, TX, 77026-2514",29.80755999,-95.34347999,Call to confirm hours,713-924-0400,,,2026-07-05
1035,KIPP East End Campus,health,"Federally supported community health center offering primary care services. Serves patients regardless of insurance status or ability to pay, with services often available on a sliding fee scale. This location operates as a school-based site. Designated as a Federally Qualified Health Center (FQHC).",Uninsured and underinsured accepted; sliding fee scale based on income,"5402 Lawndale St, Houston, TX, 77023-3743",29.72697998,-95.32207999,Call to confirm hours,832-328-1051,www.legacycommunityhealth.org,,2026-07-05
1036,HOPE Aldine,health,"Federally supported community health center offering primary care services. Serves patients regardless of insurance status or ability to pay, with services often available on a sliding fee scale. Designated as a Federally Qualified Health Center (FQHC).",Uninsured and underinsured accepted; sliding fee scale based on income,"3000 Aldine Mail Route Rd, Houston, TX, 77039-5612",29.90198142,-95.34323692,Call to confirm hours,713-773-0803,www.hopechc.org,,2026-07-05
1037,KIPP Mosaic,health,"Federally supported community health center offering primary care services. Serves patients regardless of insurance status or ability to pay, with services often available on a sliding fee scale. This location operates as a school-based site. Designated as a Federally Qualified Health Center (FQHC).",Uninsured and underinsured accepted; sliding fee scale based on income,"12751 Hillcroft Ave, Houston, TX, 77085-1361",29.63512781,-95.49160339,Call to confirm hours,832-548-5000,,,2026-07-05
1038,Denver Harbor Ancillary Services,health,"Federally supported community health center offering primary care services. Serves patients regardless of insurance status or ability to pay, with services often available on a sliding fee scale. Designated as a Federally Qualified Health Center (FQHC).",Uninsured and underinsured accepted; sliding fee scale based on income,"424 Hahlo St, Houston, TX, 77020-3022",29.7806405,-95.30986236,Call to confirm hours,713-674-3326,www.denverharborclinic.org,,2026-07-05
1039,YES Prep Gulfton,health,"Federally supported community health center offering primary care services. Serves patients regardless of insurance status or ability to pay, with services often available on a sliding fee scale. This location operates as a school-based site. Designated as a Federally Qualified Health Center (FQHC).",Uninsured and underinsured accepted; sliding fee scale based on income,"6565 De Moss Dr, Houston, TX, 77074-5099",29.70673902,-95.49817891,Call to confirm hours,713-967-9800,www.legacycommunityhealth.org,,2026-07-05
1040,KIPP West - Unity,health,"Federally supported community health center offering primary care services. Serves patients regardless of insurance status or ability to pay, with services often available on a sliding fee scale. This location operates as a school-based site. Designated as a Federally Qualified Health Center (FQHC).",Uninsured and underinsured accepted; sliding fee scale based on income,"8500 Highway 6 S, Houston, TX, 77083-5709",29.68668,-95.64622998,Call to confirm hours,832-548-5000,www.legacycommunityhealth.org,,2026-07-05
1041,OPEN DOOR MISSION,health,"Federally supported community health center offering primary care services. Serves patients regardless of insurance status or ability to pay, with services often available on a sliding fee scale. Designated as a Federally Qualified Health Center (FQHC).",Uninsured and underinsured accepted; sliding fee scale based on income,"5803 Harrisburg Blvd, Houston, TX, 77011-4323",29.74068929,-95.31701715,Call to confirm hours,713-921-7520,www.opendoorhouston.org,,2026-07-05
1042,YES Prep North Central Elementary,health,"Federally supported community health center offering primary care services. Serves patients regardless of insurance status or ability to pay, with services often available on a sliding fee scale. This location operates as a school-based site. Designated as a Federally Qualified Health Center (FQHC).",Uninsured and underinsured accepted; sliding fee scale based on income,"1900 Strawn Rd # 77039, Houston, TX, 77039-2017",29.91673268,-95.35771144,Call to confirm hours,832-548-5000,,,2026-07-05
1043,CATHEDRAL CLINIC,health,"Federally supported community health center offering primary care services. Serves patients regardless of insurance status or ability to pay, with services often available on a sliding fee scale. Designated as a Federally Qualified Health Center (FQHC).",Uninsured and underinsured accepted; sliding fee scale based on income,"1212 Prairie St, Houston, TX, 77002-2008",29.75923417,-95.35981003,Call to confirm hours,713-220-9730,www.homeless-healthcare.org,,2026-07-05
1044,St. Hope Foundation Community Health Clinic,health,"Federally supported community health center offering primary care services. Serves patients regardless of insurance status or ability to pay, with services often available on a sliding fee scale. Designated as a Federally Qualified Health Center (FQHC).",Uninsured and underinsured accepted; sliding fee scale based on income,"255 Northpoint Dr, Houston, TX, 77060-3268",29.93863259,-95.40393078,Call to confirm hours,832-300-8040,,,2026-07-05
1045,El Centro de Corazon- John S. Dunn,health,"Federally supported community health center offering primary care services. Serves patients regardless of insurance status or ability to pay, with services often available on a sliding fee scale. Designated as a Federally Qualified Health Center (FQHC).",Uninsured and underinsured accepted; sliding fee scale based on income,"7635 Canal St, Houston, TX, 77012-1143",29.73579175,-95.28696518,Call to confirm hours,713-660-1880,www.elcentrodecorazon.org,,2026-07-05
1046,Legacy Alief Bissonnet,health,"Federally supported community health center offering primary care services. Serves patients regardless of insurance status or ability to pay, with services often available on a sliding fee scale. Designated as a Federally Qualified Health Center (FQHC).",Uninsured and underinsured accepted; sliding fee scale based on income,"12345 Bissonnet St, Houston, TX, 77099-1332",29.67625443,-95.59689281,Call to confirm hours,832-548-5000,legacycommunityhealth.org,,2026-07-05
1047,Bee Busy Wellness Center,health,"Federally supported community health center offering primary care services. Serves patients regardless of insurance status or ability to pay, with services often available on a sliding fee scale. Designated as a Federally Qualified Health Center (FQHC).",Uninsured and underinsured accepted; sliding fee scale based on income,"8785 W Bellfort Ave, Houston, TX, 77031-2403",29.65524971,-95.53110856,Call to confirm hours,713-771-2292,,,2026-07-05
1048,Sanchez Charter School,health,"Federally supported community health center offering primary care services. Serves patients regardless of insurance status or ability to pay, with services often available on a sliding fee scale. This location operates as a school-based site. Designated as a Federally Qualified Health Center (FQHC).",Uninsured and underinsured accepted; sliding fee scale based on income,"215 Rittenhouse St, Houston, TX, 77076-1709",29.86461033,-95.3748496,Call to confirm hours,713-742-0947,,,2026-07-05
1049,Medical Mobile  Unit,health,"Federally supported community health center offering primary care services. Serves patients regardless of insurance status or ability to pay, with services often available on a sliding fee scale. Designated as a Federally Qualified Health Center (FQHC).",Uninsured and underinsured accepted; sliding fee scale based on income,"3550 Swingle Rd, Houston, TX, 77047-3763",29.61976408,-95.36694253,Call to confirm hours,346-426-0500,,,2026-07-05
1050,YES Prep - North Forest,health,"Federally supported community health center offering primary care services. Serves patients regardless of insurance status or ability to pay, with services often available on a sliding fee scale. This location operates as a school-based site. Designated as a Federally Qualified Health Center (FQHC).",Uninsured and underinsured accepted; sliding fee scale based on income,"6602 Winfield Rd, Houston, TX, 77050-4799",29.89835478,-95.29167824,Call to confirm hours,832-548-5000,,,2026-07-05
1051,North Shore Senior High School,health,"Federally supported community health center offering primary care services. Serves patients regardless of insurance status or ability to pay, with services often available on a sliding fee scale. This location operates as a school-based site. Designated as a Federally Qualified Health Center (FQHC).",Uninsured and underinsured accepted; sliding fee scale based on income,"353 N Castlegory Rd, Houston, TX, 77049-1739",29.81097398,-95.17457903,Call to confirm hours,832-548-5000,,,2026-07-05
1052,BBWC - Mobile Clinic,health,"Federally supported community health center offering primary care services. Serves patients regardless of insurance status or ability to pay, with services often available on a sliding fee scale. Designated as a Federally Qualified Health Center (FQHC).",Uninsured and underinsured accepted; sliding fee scale based on income,"8785 W Bellfort Ave, Houston, TX, 77031-2403",29.65524971,-95.53110856,Call to confirm hours,713-771-2292,https:\\mybbwc.org,,2026-07-05
1053,Navigation Center,health,"Federally supported community health center offering primary care services. Serves patients regardless of insurance status or ability to pay, with services often available on a sliding fee scale. Designated as a Federally Qualified Health Center (FQHC).",Uninsured and underinsured accepted; sliding fee scale based on income,"2903 Jensen Dr, Houston, TX, 77026-6019",29.78786608,-95.34230376,Call to confirm hours,346-426-0691,,,2026-07-05
1054,J.W. Oates Elementary School,health,"Federally supported community health center offering primary care services. Serves patients regardless of insurance status or ability to pay, with services often available on a sliding fee scale. This location operates as a school-based site. Designated as a Federally Qualified Health Center (FQHC).",Uninsured and underinsured accepted; sliding fee scale based on income,"10044 Wallisville Rd, Houston, TX, 77013-4616",29.79366024,-95.25288712,Call to confirm hours,713-671-3800,,,2026-07-05
1055,HOPE Clinic WEST,health,"Federally supported community health center offering primary care services. Serves patients regardless of insurance status or ability to pay, with services often available on a sliding fee scale. Designated as a Federally Qualified Health Center (FQHC).",Uninsured and underinsured accepted; sliding fee scale based on income,"12121 Westheimer Rd, #205, Houston, TX, 77077-6654",29.73622916,-95.59385062,Call to confirm hours,281-558-2737,ww.hopechc.org,,2026-07-05
1056,Harmony House Respite Center,health,"Federally supported community health center offering primary care services. Serves patients regardless of insurance status or ability to pay, with services often available on a sliding fee scale. Designated as a Federally Qualified Health Center (FQHC).",Uninsured and underinsured accepted; sliding fee scale based on income,"602 Girard St, Houston, TX, 77007-6218",29.76768028,-95.36398665,Call to confirm hours,713-221-6219,,,2026-07-05
1057,Legacy Northside/Northline  -  North Freeway,health,"Federally supported community health center offering primary care services. Serves patients regardless of insurance status or ability to pay, with services often available on a sliding fee scale. Designated as a Federally Qualified Health Center (FQHC).",Uninsured and underinsured accepted; sliding fee scale based on income,"5598 North Fwy, #A-1, Houston, TX, 77076-4702",29.84795628,-95.39363747,Call to confirm hours,832-548-5000,,,2026-07-05
1058,CAROLINE STREET CLINIC,health,"Federally supported community health center offering primary care services. Serves patients regardless of insurance status or ability to pay, with services often available on a sliding fee scale. Designated as a Federally Qualified Health Center (FQHC).",Uninsured and underinsured accepted; sliding fee scale based on income,"1934 Caroline St, Houston, TX, 77002-8210",29.74824801,-95.36839402,Call to confirm hours,713-286-6124,www.homeless-healthcare.org,,2026-07-05
1059,Bee Busy Wellness Center - Bissonnet,health,"Federally supported community health center offering primary care services. Serves patients regardless of insurance status or ability to pay, with services often available on a sliding fee scale. Designated as a Federally Qualified Health Center (FQHC).",Uninsured and underinsured accepted; sliding fee scale based on income,"10039 Bissonnet St, Houston, TX, 77036-7854",29.6745562,-95.5540852,Call to confirm hours,713-771-2292,,,2026-07-05
1060,Yes Prep - East End (New Campus),health,"Federally supported community health center offering primary care services. Serves patients regardless of insurance status or ability to pay, with services often available on a sliding fee scale. This location operates as a school-based site. Designated as a Federally Qualified Health Center (FQHC).",Uninsured and underinsured accepted; sliding fee scale based on income,"8401 Lawndale St, Houston, TX, 77012-3709",29.71633697,-95.27307091,Call to confirm hours,832-548-5000,,,2026-07-05
1061,University of Houston Health Family Care Center,health,"Federally supported community health center offering primary care services. Serves patients regardless of insurance status or ability to pay, with services often available on a sliding fee scale. Designated as a Federally Qualified Health Center (FQHC) Look-Alike.",Uninsured and underinsured accepted; sliding fee scale based on income,"4349 Martin Luther King Blvd, Houston, TX, 77204-3074",29.71663399,-95.33896298,Call to confirm hours,713-743-9682,https://uh.edu/medicine/patient-care/family-care-center/,,2026-07-05
1062,Scroggins Elementary School,health,"Federally supported community health center offering primary care services. Serves patients regardless of insurance status or ability to pay, with services often available on a sliding fee scale. This location operates as a school-based site. Designated as a Federally Qualified Health Center (FQHC).",Uninsured and underinsured accepted; sliding fee scale based on income,"400 Boyles St, Houston, TX, 77020-5299",29.78095759,-95.29864494,Call to confirm hours,713-671-4130,,,2026-07-05
1063,KIPP SHARP,health,"Federally supported community health center offering primary care services. Serves patients regardless of insurance status or ability to pay, with services often available on a sliding fee scale. This location operates as a school-based site. Designated as a Federally Qualified Health Center (FQHC).",Uninsured and underinsured accepted; sliding fee scale based on income,"8430 Westglen Dr, Houston, TX, 77063-6312",29.7246807,-95.51238682,Call to confirm hours,832-328-1051,www.legacycommunityhealth.org,,2026-07-05
1064,Legacy North Irvington,health,"Federally supported community health center offering primary care services. Serves patients regardless of insurance status or ability to pay, with services often available on a sliding fee scale. Designated as a Federally Qualified Health Center (FQHC).",Uninsured and underinsured accepted; sliding fee scale based on income,"3517 Irvington Blvd, Houston, TX, 77009-5700",29.79272201,-95.36146303,Call to confirm hours,832-548-5000,legacycommunityhealth.org,,2026-07-05
1065,KIPP CONNECT,health,"Federally supported community health center offering primary care services. Serves patients regardless of insurance status or ability to pay, with services often available on a sliding fee scale. This location operates as a school-based site. Designated as a Federally Qualified Health Center (FQHC).",Uninsured and underinsured accepted; sliding fee scale based on income,"6700 Bellaire Blvd, Houston, TX, 77074-4999",29.70589501,-95.50186502,Call to confirm hours,832-548-5000,www.legacycommunityhealth.org,,2026-07-05
1066,Spring Branch CHC -  WholeLife Clinic,health,"Federally supported community health center offering primary care services. Serves patients regardless of insurance status or ability to pay, with services often available on a sliding fee scale. Designated as a Federally Qualified Health Center (FQHC).",Uninsured and underinsured accepted; sliding fee scale based on income,"1905 Jacquelyn Dr, Houston, TX, 77055-2502",29.80520329,-95.48135794,Call to confirm hours,713-462-6565,www.sbchc.net,,2026-07-05
1067,Pugh Elementary,health,"Federally supported community health center offering primary care services. Serves patients regardless of insurance status or ability to pay, with services often available on a sliding fee scale. This location operates as a school-based site. Designated as a Federally Qualified Health Center (FQHC).",Uninsured and underinsured accepted; sliding fee scale based on income,"1147 Kress St, Houston, TX, 77020-7498",29.76829664,-95.3068551,Call to confirm hours,713-671-3820,,,2026-07-05
1068,YES Prep North Forest Elementary,health,"Federally supported community health center offering primary care services. Serves patients regardless of insurance status or ability to pay, with services often available on a sliding fee scale. This location operates as a school-based site. Designated as a Federally Qualified Health Center (FQHC).",Uninsured and underinsured accepted; sliding fee scale based on income,"6602 Winfield Rd, Houston, TX, 77050-4799",29.89835478,-95.29167824,Call to confirm hours,832-548-5000,,,2026-07-05
1069,YES Prep West,health,"Federally supported community health center offering primary care services. Serves patients regardless of insurance status or ability to pay, with services often available on a sliding fee scale. This location operates as a school-based site. Designated as a Federally Qualified Health Center (FQHC).",Uninsured and underinsured accepted; sliding fee scale based on income,"10535 Harwin Dr, Houston, TX, 77036-1592",29.71547925,-95.55324818,Call to confirm hours,832-548-5000,,,2026-07-05
1070,KIPP Sharpstown,health,"Federally supported community health center offering primary care services. Serves patients regardless of insurance status or ability to pay, with services often available on a sliding fee scale. This location operates as a school-based site. Designated as a Federally Qualified Health Center (FQHC).",Uninsured and underinsured accepted; sliding fee scale based on income,"8440 Westpark Dr, Houston, TX, 77063-5899",29.722863,-95.51277457,Call to confirm hours,832-328-1051,www.legacycommunityhealth.org,,2026-07-05
1071,Legacy South Main St,health,"Federally supported community health center offering primary care services. Serves patients regardless of insurance status or ability to pay, with services often available on a sliding fee scale. Designated as a Federally Qualified Health Center (FQHC).",Uninsured and underinsured accepted; sliding fee scale based on income,"10021 Main St, Suite B 3, Houston, TX, 77025-5254",29.67548211,-95.42768903,Call to confirm hours,832-548-5000,legacycommunityhealth.org,,2026-07-05
1072,SALVATION ARMY ADULT REHAB CTR,health,"Federally supported community health center offering primary care services. Serves patients regardless of insurance status or ability to pay, with services often available on a sliding fee scale. Designated as a Federally Qualified Health Center (FQHC).",Uninsured and underinsured accepted; sliding fee scale based on income,"2118 Washington Ave, Houston, TX, 77007-6137",29.76847308,-95.3799893,Call to confirm hours,713-869-3551,www.salvationarmyhouston.org,,2026-07-05
1073,Legacy Greater Third Ward Cleburne,health,"Federally supported community health center offering primary care services. Serves patients regardless of insurance status or ability to pay, with services often available on a sliding fee scale. Designated as a Federally Qualified Health Center (FQHC).",Uninsured and underinsured accepted; sliding fee scale based on income,"2222 Cleburne St, Houston, TX, 77004-5177",29.72962149,-95.37088253,Call to confirm hours,832-548-5000,https://legacycommunityhealth.org,,2026-07-05
1074,Legacy Gulfton Dashwood Ste 100,health,"Federally supported community health center offering primary care services. Serves patients regardless of insurance status or ability to pay, with services often available on a sliding fee scale. Designated as a Federally Qualified Health Center (FQHC).",Uninsured and underinsured accepted; sliding fee scale based on income,"5420 Dashwood Dr, Suite 100, Houston, TX, 77081-5333",29.70797527,-95.47503757,Call to confirm hours,832-548-5000,,,2026-07-05
1075,Legacy Montrose Clinic,health,"Federally supported community health center offering primary care services. Serves patients regardless of insurance status or ability to pay, with services often available on a sliding fee scale. Designated as a Federally Qualified Health Center (FQHC).",Uninsured and underinsured accepted; sliding fee scale based on income,"1415 California St, Houston, TX, 77006-2602",29.74490602,-95.39424591,Call to confirm hours,713-830-3000,www.legacycommunityhealth.org,,2026-07-05
1076,YES Prep - East End,health,"Federally supported community health center offering primary care services. Serves patients regardless of insurance status or ability to pay, with services often available on a sliding fee scale. This location operates as a school-based site. Designated as a Federally Qualified Health Center (FQHC).",Uninsured and underinsured accepted; sliding fee scale based on income,"8329 Lawndale St, Houston, TX, 77012-3707",29.71610471,-95.27474101,Call to confirm hours,832-548-5000,,,2026-07-05
1077,YES Prep Northline,health,"Federally supported community health center offering primary care services. Serves patients regardless of insurance status or ability to pay, with services often available on a sliding fee scale. This location operates as a school-based site. Designated as a Federally Qualified Health Center (FQHC).",Uninsured and underinsured accepted; sliding fee scale based on income,"5815 Airline Dr, Houston, TX, 77076-4933",29.85185915,-95.38540853,Call to confirm hours,832-548-5000,,,2026-07-05
1078,YES Prep - Brays Oaks,health,"Federally supported community health center offering primary care services. Serves patients regardless of insurance status or ability to pay, with services often available on a sliding fee scale. This location operates as a school-based site. Designated as a Federally Qualified Health Center (FQHC).",Uninsured and underinsured accepted; sliding fee scale based on income,"9000 W Bellfort Ave, Houston, TX, 77031-2410",29.65716887,-95.53425881,Call to confirm hours,832-548-5000,,,2026-07-05
1079,Lord of the Streets,health,"Federally supported community health center offering primary care services. Serves patients regardless of insurance status or ability to pay, with services often available on a sliding fee scale. Designated as a Federally Qualified Health Center (FQHC).",Uninsured and underinsured accepted; sliding fee scale based on income,"3401 Fannin St, Houston, TX, 77004-3806",29.73950795,-95.3770594,Call to confirm hours,713-526-0311,,,2026-07-05
1080,STAR OF HOPE MEN'S SHELTER,health,"Federally supported community health center offering primary care services. Serves patients regardless of insurance status or ability to pay, with services often available on a sliding fee scale. Designated as a Federally Qualified Health Center (FQHC).",Uninsured and underinsured accepted; sliding fee scale based on income,"1811 Ruiz St, Houston, TX, 77002-1321",29.760556,-95.35132998,Call to confirm hours,713-226-5424,www.sohmission.org,,2026-07-05
1081,Reed Family Clinic,health,"Federally supported community health center offering primary care services. Serves patients regardless of insurance status or ability to pay, with services often available on a sliding fee scale. Designated as a Federally Qualified Health Center (FQHC).",Uninsured and underinsured accepted; sliding fee scale based on income,"2605 Reed Rd, Houston, TX, 77051-2560",29.65772476,-95.3905251,Call to confirm hours,713-286-6125,,,2026-07-05
1082,HACS: Main Campus,health,"Federally supported community health center offering primary care services. Serves patients regardless of insurance status or ability to pay, with services often available on a sliding fee scale. Designated as a Federally Qualified Health Center (FQHC).",Uninsured and underinsured accepted; sliding fee scale based on income,"2150 W 18th St, Houston, TX, 77008-5200",29.80135684,-95.43699362,Call to confirm hours,713-426-0027,www.avenue360.org,,2026-07-05
1083,Denver Harbor Family Health Center,health,"Federally supported community health center offering primary care services. Serves patients regardless of insurance status or ability to pay, with services often available on a sliding fee scale. Designated as a Federally Qualified Health Center (FQHC).",Uninsured and underinsured accepted; sliding fee scale based on income,"424B Hahlo St, Houston, TX, 77020-3022",29.780631,-95.30952604,Call to confirm hours,713-674-3326,www.denverharborclinic.org,,2026-07-05
1084,Star of Hope Cornerstone Community,health,"Federally supported community health center offering primary care services. Serves patients regardless of insurance status or ability to pay, with services often available on a sliding fee scale. Designated as a Federally Qualified Health Center (FQHC).",Uninsured and underinsured accepted; sliding fee scale based on income,"2575 Reed Rd, Houston, TX, 77051-2216",29.6595233,-95.39309114,Call to confirm hours,713-497-0930,,,2026-07-05
1085,Spring Branch CHC - Memorial Clinic,health,"Federally supported community health center offering primary care services. Serves patients regardless of insurance status or ability to pay, with services often available on a sliding fee scale. Designated as a Federally Qualified Health Center (FQHC).",Uninsured and underinsured accepted; sliding fee scale based on income,"902 Frostwood Dr, Suite 108, Houston, TX, 77024-2421",29.78020385,-95.54688028,Call to confirm hours,713-827-4744,www.sbchc.net,,2026-07-05
1086,Avenue 360 Health and Wellness Midtown,health,"Federally supported community health center offering primary care services. Serves patients regardless of insurance status or ability to pay, with services often available on a sliding fee scale. Designated as a Federally Qualified Health Center (FQHC).",Uninsured and underinsured accepted; sliding fee scale based on income,"2920 Fannin St, Houston, TX, 77002-9222",29.74264295,-95.37536173,Call to confirm hours,713-426-0027,https://avenue360.org/,,2026-07-05
1087,Bee Busy Wellness Center - North,health,"Federally supported community health center offering primary care services. Serves patients regardless of insurance status or ability to pay, with services often available on a sliding fee scale. Designated as a Federally Qualified Health Center (FQHC).",Uninsured and underinsured accepted; sliding fee scale based on income,"13201 Northwest Fwy, Suite 500, Houston, TX, 77040-6025",29.84828971,-95.50680984,Call to confirm hours,713-771-2292,https:\\mybbwc.org,,2026-07-05
1088,Spring Branch CHC - NAM Clinic,health,"Federally supported community health center offering primary care services. Serves patients regardless of insurance status or ability to pay, with services often available on a sliding fee scale. Designated as a Federally Qualified Health Center (FQHC).",Uninsured and underinsured accepted; sliding fee scale based on income,"15555 Kuykendahl Rd, Houston, TX, 77090-3607",30.00417505,-95.46146802,Call to confirm hours,713-462-6565,www.sbchc.net,,2026-07-05
1089,Yes Prep - Southeast,health,"Federally supported community health center offering primary care services. Serves patients regardless of insurance status or ability to pay, with services often available on a sliding fee scale. This location operates as a school-based site. Designated as a Federally Qualified Health Center (FQHC).",Uninsured and underinsured accepted; sliding fee scale based on income,"353 Crenshaw Rd, Houston, TX, 77034-1543",29.63846899,-95.20719839,Call to confirm hours,832-548-5000,,,2026-07-05
1090,Spring Branch CHC- Pitner Clinic,health,"Federally supported community health center offering primary care services. Serves patients regardless of insurance status or ability to pay, with services often available on a sliding fee scale. Designated as a Federally Qualified Health Center (FQHC).",Uninsured and underinsured accepted; sliding fee scale based on income,"8575 Pitner Rd, Houston, TX, 77080-2010",29.82837205,-95.50161985,Call to confirm hours,713-462-6545,,,2026-07-05
1091,HOPE Clinic Alief,health,"Federally supported community health center offering primary care services. Serves patients regardless of insurance status or ability to pay, with services often available on a sliding fee scale. Designated as a Federally Qualified Health Center (FQHC).",Uninsured and underinsured accepted; sliding fee scale based on income,"13930 Bellaire Blvd, Houston, TX, 77083-1719",29.70472795,-95.62829002,Call to confirm hours,713-773-0803,www.hopechc.org,,2026-07-05
1092,Green Valley Elementary,health,"Federally supported community health center offering primary care services. Serves patients regardless of insurance status or ability to pay, with services often available on a sliding fee scale. This location operates as a school-based site. Designated as a Federally Qualified Health Center (FQHC).",Uninsured and underinsured accepted; sliding fee scale based on income,"13350 Woodforest Blvd, Houston, TX, 77015-2826",29.79146732,-95.18853699,Call to confirm hours,832-548-5000,,,2026-07-05
1093,EL CENTRO DE CORAZON - MAGNOLIA,health,"Federally supported community health center offering primary care services. Serves patients regardless of insurance status or ability to pay, with services often available on a sliding fee scale. Designated as a Federally Qualified Health Center (FQHC).",Uninsured and underinsured accepted; sliding fee scale based on income,"7037 Capitol St, Houston, TX, 77011-4699",29.73459477,-95.30105247,Call to confirm hours,713-660-1880,"www.elcentrodecorazon,org",,2026-07-05
1094,Scarsdale Integrated Health Clinic,health,"Federally supported community health center offering primary care services. Serves patients regardless of insurance status or ability to pay, with services often available on a sliding fee scale. Designated as a Federally Qualified Health Center (FQHC).",Uninsured and underinsured accepted; sliding fee scale based on income,"10851 Scarsdale Blvd, Suite 160, Houston, TX, 77089-5737",29.58473497,-95.21599803,Call to confirm hours,281-824-1480,www..mychn.org,,2026-07-05
1095,YES Prep North Central,health,"Federally supported community health center offering primary care services. Serves patients regardless of insurance status or ability to pay, with services often available on a sliding fee scale. This location operates as a school-based site. Designated as a Federally Qualified Health Center (FQHC).",Uninsured and underinsured accepted; sliding fee scale based on income,"13703 Aldine Westfield Rd, Houston, TX, 77039-2001",29.91363951,-95.35616131,Call to confirm hours,832-548-5000,,,2026-07-05
1096,YES Prep - White Oak,health,"Federally supported community health center offering primary care services. Serves patients regardless of insurance status or ability to pay, with services often available on a sliding fee scale. This location operates as a school-based site. Designated as a Federally Qualified Health Center (FQHC).",Uninsured and underinsured accepted; sliding fee scale based on income,"5620 W Tidwell Rd, Houston, TX, 77091",29.84900708,-95.47163401,Call to confirm hours,832-548-5000,https://legacycommunityhealth.org,,2026-07-05
1097,Legacy Santa Clara Clinic,health,"Federally supported community health center offering primary care services. Serves patients regardless of insurance status or ability to pay, with services often available on a sliding fee scale. Designated as a Federally Qualified Health Center (FQHC).",Uninsured and underinsured accepted; sliding fee scale based on income,"5616 Lawndale St STE A108, Houston, TX, 77023-3821",29.72637828,-95.31686913,Call to confirm hours,832-548-5000,www.legacycommunityhealth.org,,2026-07-05
1098,KIPP Southwest Campus,health,"Federally supported community health center offering primary care services. Serves patients regardless of insurance status or ability to pay, with services often available on a sliding fee scale. This location operates as a school-based site. Designated as a Federally Qualified Health Center (FQHC).",Uninsured and underinsured accepted; sliding fee scale based on income,"10711 Kipp Way Dr, Houston, TX, 77099-2675",29.66998677,-95.5655736,Call to confirm hours,832-328-1051,www.legacycommunityhealth.org,,2026-07-05
1099,KIPP Third Ward Campus,health,"Federally supported community health center offering primary care services. Serves patients regardless of insurance status or ability to pay, with services often available on a sliding fee scale. This location operates as a school-based site. Designated as a Federally Qualified Health Center (FQHC).",Uninsured and underinsured accepted; sliding fee scale based on income,"5400 Martin Luther King Blvd, Houston, TX, 77021-3010",29.70233974,-95.33572925,Call to confirm hours,832-328-1051,www.legacycommunityhealth.org,,2026-07-05
